total_purchase_count,average_order_value,days_since_first_purchase,days_since_last_purchase,product_category_diversity,loyalty_program_membership,estimated_lifetime_value
9.18,40.62,267.24,65.22,0.0472,Not Enrolled,302.05
21.04,154.65,752.56,51.01,0.465,Enrolled,2160.28
1.35,58.6,379.93,207.77,0.11,Not Enrolled,188.8
7.81,44.75,185.82,30.52,0.24,Not Enrolled,447.88
5.36,48.73,179.96,27.56,0.0599,Not Enrolled,484.75
13.64,137.99,421.53,48.0,0.434,Not Enrolled,1057.85
3.41,46.48,311.72,209.06,0.131,Not Enrolled,128.29
11.02,131.21,246.68,20.24,0.149,Not Enrolled,1184.09
28.42,55.94,627.92,38.98,0.644,Not Enrolled,1116.75
16.82,57.42,169.95,7.45,0.202,Not Enrolled,973.73
3.08,104.56,731.66,343.38,0.186,Enrolled,268.37
10.68,62.47,252.47,12.12,0.391,Not Enrolled,1059.95
4.47,135.05,273.19,31.83,0.0734,Not Enrolled,1127.59
13.8,129.48,409.86,19.69,0.592,Not Enrolled,1890.9
41.62,61.04,214.82,1.45,0.441,Enrolled,4202.03
1.42,114.72,106.13,58.19,0.375,Not Enrolled,414.09
3.14,85.03,233.5,222.5,0.398,Enrolled,159.03
1.07,19.72,260.46,169.21,0.044,Enrolled,94.16
32.12,114.33,1240.91,96.95,0.305,Not Enrolled,1492.06
2.75,57.3,50.11,7.61,0.219,Not Enrolled,593.24
3.63,154.7,210.74,13.62,0.217,Not Enrolled,1560.04
10.37,72.41,512.88,71.14,0.305,Not Enrolled,657.5
4.54,78.81,259.03,70.03,0.287,Not Enrolled,443.37
4.52,185.51,643.26,191.39,0.223,Not Enrolled,560.04
16.17,159.74,372.71,32.66,0.312,Enrolled,1557.49
1.06,78.73,205.99,131.23,0.251,Enrolled,267.78
2.06,60.58,303.85,160.86,0.0568,Enrolled,228.31
1.23,59.83,106.7,57.31,0.48,Not Enrolled,279.34
2.15,56.11,302.01,90.52,0.312,Enrolled,379.98
15.99,107.67,591.38,73.19,0.251,Not Enrolled,938.98
1.89,34.51,526.17,221.04,0.03,Not Enrolled,152.67
27.22,38.57,261.4,15.93,0.253,Not Enrolled,702.7
3.86,44.31,24.55,3.62,0.213,Not Enrolled,561.19
2.37,50.06,347.24,118.33,0.0262,Enrolled,282.75
3.46,142.73,274.18,84.0,0.198,Enrolled,654.48
3.82,72.87,418.94,160.76,0.384,Not Enrolled,264.69
20.45,132.78,1220.28,213.27,0.261,Not Enrolled,740.28
19.25,27.69,558.38,34.83,0.133,Not Enrolled,590.01
1.74,63.9,312.81,149.51,0.196,Enrolled,254.95
1.8,27.05,382.82,172.69,0.0553,Enrolled,160.93
10.9,171.06,614.22,63.22,0.483,Not Enrolled,1288.2
7.96,63.46,796.16,145.78,0.366,Not Enrolled,428.84
1.23,132.99,129.62,61.55,0.172,Enrolled,512.76
12.74,191.58,294.13,18.33,0.707,Not Enrolled,1865.75
1.51,49.05,96.43,35.05,0.22,Enrolled,366.93
5.28,73.13,498.06,88.24,0.371,Not Enrolled,542.37
2.29,45.21,216.85,115.08,0.285,Not Enrolled,197.72
11.73,161.78,444.17,57.47,0.14,Not Enrolled,1027.26
2.99,52.98,556.77,332.59,0.509,Enrolled,140.41
6.38,109.91,254.12,48.99,0.0647,Not Enrolled,646.71
2.99,58.28,93.36,24.7,0.092,Enrolled,442.08
3.69,57.26,324.09,44.56,0.386,Not Enrolled,598.57
7.15,136.02,913.04,152.53,0.613,Not Enrolled,798.74
7.54,99.74,399.94,118.01,0.253,Enrolled,442.67
3.31,41.11,374.19,63.46,0.279,Not Enrolled,392.96
23.37,119.64,660.93,60.69,0.674,Not Enrolled,1220.81
5.89,166.66,338.85,62.63,0.31,Not Enrolled,912.84
9.82,66.37,298.91,14.15,0.11,Not Enrolled,1155.98
4.2,108.76,459.8,159.49,0.355,Enrolled,411.69
6.62,84.43,198.65,34.8,0.476,Enrolled,695.44
4.0,81.84,639.29,192.91,0.608,Not Enrolled,340.11
18.11,77.29,319.99,19.04,0.299,Not Enrolled,1100.54
1.91,129.13,275.32,84.4,0.0971,Enrolled,583.22
8.68,178.33,294.62,6.58,0.434,Not Enrolled,3198.41
2.36,87.24,644.62,170.23,0.121,Enrolled,456.29
1.22,66.7,389.43,225.97,0.128,Enrolled,207.76
5.07,36.48,217.14,21.35,0.171,Not Enrolled,509.37
2.58,54.17,189.57,172.43,0.0441,Enrolled,159.42
19.42,47.98,675.78,99.16,0.326,Not Enrolled,447.45
1.55,33.11,470.81,235.7,0.328,Not Enrolled,136.56
2.71,88.32,554.9,86.66,0.324,Not Enrolled,648.27
0.329,39.66,205.2,316.53,0.0159,Enrolled,78.15
1.67,140.08,133.43,57.56,0.118,Enrolled,533.39
15.18,90.67,339.94,38.9,0.383,Enrolled,896.48
9.65,69.58,448.8,40.26,0.55,Not Enrolled,838.11
6.17,98.91,273.63,22.64,0.362,Not Enrolled,1135.36
24.23,237.93,297.87,2.93,0.385,Not Enrolled,4858.49
67.02,123.13,539.28,7.37,0.418,Not Enrolled,3354.18
2.87,109.1,365.25,137.75,0.0918,Enrolled,387.79
4.13,39.82,441.28,165.26,0.0666,Enrolled,208.54
10.4,78.55,281.44,21.6,0.148,Not Enrolled,985.06
11.07,27.88,195.17,37.59,0.233,Not Enrolled,253.1
5.31,58.41,341.87,23.74,0.414,Enrolled,1079.94
11.62,42.5,595.83,164.25,0.29,Enrolled,313.53
11.18,137.24,719.13,87.7,0.19,Not Enrolled,950.89
12.38,107.16,788.62,206.37,0.698,Not Enrolled,420.96
5.16,82.04,414.87,102.1,0.358,Not Enrolled,481.6
9.29,21.91,675.79,156.11,0.501,Enrolled,198.9
2.56,35.19,119.55,59.78,0.189,Enrolled,247.73
4.96,79.12,146.93,16.34,0.37,Enrolled,919.56
5.58,127.61,123.95,7.74,0.578,Not Enrolled,1603.28
3.73,51.1,170.38,81.82,0.289,Enrolled,246.99
0.855,110.73,239.85,99.89,0.214,Not Enrolled,402.05
3.14,29.68,243.82,53.83,0.0353,Enrolled,300.11
2.7,54.11,409.75,183.56,0.15,Enrolled,229.11
27.1,87.05,558.2,25.2,0.44,Enrolled,1741.56
2.39,39.67,312.16,368.12,0.149,Not Enrolled,71.72
9.07,185.19,833.43,214.75,0.625,Not Enrolled,563.46
7.37,71.89,536.12,60.35,0.0802,Not Enrolled,744.16
4.7,291.64,571.17,135.26,0.344,Not Enrolled,972.09
1.39,24.41,181.04,78.82,0.327,Enrolled,171.91
4.34,161.49,263.56,50.94,0.313,Not Enrolled,866.23
5.38,38.93,451.88,61.06,0.0599,Not Enrolled,454.93
6.45,99.37,537.19,96.68,0.166,Enrolled,686.46
4.17,41.18,181.38,22.98,0.116,Not Enrolled,521.54
1.2,181.25,342.82,137.62,0.188,Enrolled,654.62
3.42,43.47,141.44,45.86,0.042,Enrolled,302.67
2.52,52.52,242.81,46.08,0.0832,Not Enrolled,472.03
6.51,182.58,276.72,23.06,0.474,Not Enrolled,1441.03
5.31,53.42,69.85,7.37,0.126,Not Enrolled,615.19
1.05,43.71,168.37,143.55,0.182,Enrolled,151.37
3.27,51.68,570.1,133.27,0.111,Enrolled,402.13
19.33,116.99,248.13,11.68,0.203,Not Enrolled,1444.47
38.47,98.17,419.78,25.76,0.588,Not Enrolled,1283.21
4.82,94.45,463.59,179.24,0.601,Enrolled,354.58
8.96,98.19,160.66,23.08,0.285,Not Enrolled,771.23
1.59,127.3,44.93,24.0,0.271,Enrolled,561.12
73.92,355.07,691.13,8.93,0.599,Not Enrolled,6760.47
15.44,210.74,424.21,10.12,0.292,Not Enrolled,3592.04
5.79,173.5,545.59,105.93,0.144,Not Enrolled,826.21
0.68,52.69,35.01,40.01,0.0957,Enrolled,243.5
15.31,79.43,215.25,10.17,0.438,Not Enrolled,1269.49
7.23,140.98,395.07,83.33,0.315,Not Enrolled,718.13
3.12,170.11,294.52,98.13,0.168,Not Enrolled,563.2
2.64,100.5,42.89,7.03,0.165,Enrolled,930.94
5.69,83.82,632.65,226.03,0.144,Enrolled,321.52
4.17,65.09,112.83,11.19,0.122,Enrolled,882.32
7.61,153.24,439.44,123.05,0.263,Enrolled,650.57
1.07,88.77,43.96,26.24,0.55,Enrolled,456.85
4.94,72.46,71.16,4.37,0.213,Enrolled,1166.96
25.49,224.22,689.35,42.36,0.459,Not Enrolled,2457.36
4.42,66.41,672.64,202.36,0.405,Not Enrolled,297.83
0.951,187.7,117.25,52.38,0.122,Not Enrolled,620.24
2.35,152.95,202.87,79.28,0.0651,Not Enrolled,464.56
1.03,112.55,322.84,152.08,0.0481,Enrolled,417.45
23.43,66.95,1477.42,163.11,0.34,Not Enrolled,869.98
3.54,34.58,511.04,245.08,0.168,Enrolled,149.18
10.19,148.21,290.36,22.41,0.478,Not Enrolled,1554.49
1.39,77.53,218.9,98.13,0.129,Not Enrolled,315.62
2.8,33.8,423.19,233.56,0.214,Enrolled,133.84
4.8,87.55,232.73,65.93,0.281,Enrolled,487.41
2.11,139.23,574.77,283.24,0.217,Not Enrolled,261.23
1.41,54.41,112.58,153.91,0.0734,Enrolled,142.41
7.96,23.81,204.11,23.76,0.291,Not Enrolled,334.21
4.2,114.23,279.54,30.72,0.104,Not Enrolled,1065.25
1.58,116.35,238.31,106.63,0.167,Enrolled,418.59
1.19,120.84,65.32,31.94,0.049,Not Enrolled,494.87
12.23,123.71,356.57,32.17,0.239,Not Enrolled,1095.3
3.65,137.28,233.61,86.56,0.238,Not Enrolled,426.41
2.83,48.25,322.52,96.36,0.105,Not Enrolled,305.89
7.84,81.93,266.69,54.47,0.347,Not Enrolled,549.54
3.62,47.72,63.69,12.58,0.0946,Enrolled,501.34
4.82,70.53,529.24,205.65,0.281,Enrolled,278.99
20.62,85.14,358.98,7.58,0.122,Not Enrolled,1843.89
4.36,42.96,1392.04,406.57,0.18,Not Enrolled,210.4
12.56,88.51,439.59,52.1,0.24,Not Enrolled,812.52
3.81,96.09,325.04,73.54,0.264,Enrolled,679.17
6.38,28.22,441.89,70.13,0.368,Not Enrolled,324.72
2.76,121.95,626.25,190.37,0.129,Enrolled,463.27
2.55,49.47,245.79,118.02,0.108,Enrolled,244.69
19.66,145.05,916.74,211.25,0.346,Not Enrolled,554.59
13.41,111.73,486.43,30.38,0.227,Enrolled,1630.88
8.14,56.57,294.54,119.39,0.434,Not Enrolled,241.8
1.75,55.76,247.48,169.91,0.115,Enrolled,193.53
10.33,42.28,427.57,148.79,0.395,Not Enrolled,188.0
1.68,53.23,960.48,408.07,0.104,Enrolled,174.22
7.32,90.97,434.52,101.69,0.125,Not Enrolled,489.81
4.51,82.68,239.15,51.14,0.129,Enrolled,566.91
1.18,44.24,162.6,122.25,0.0437,Enrolled,182.11
2.65,69.7,385.8,128.82,0.29,Enrolled,382.62
8.01,195.66,402.18,31.38,0.325,Not Enrolled,1700.37
5.15,46.83,248.05,31.51,0.233,Not Enrolled,560.66
2.69,44.32,439.48,148.34,0.12,Not Enrolled,210.03
7.45,194.09,450.35,101.39,0.408,Enrolled,831.54
0.904,208.4,80.04,49.27,0.00911,Not Enrolled,514.49
8.56,107.92,674.44,164.73,0.499,Enrolled,589.95
3.74,156.36,311.02,99.12,0.403,Enrolled,610.47
2.24,25.17,171.45,55.53,0.0661,Enrolled,207.01
11.47,58.9,435.97,53.04,0.384,Not Enrolled,662.63
8.76,57.32,705.55,96.13,0.2,Not Enrolled,625.04
6.58,45.73,402.36,72.87,0.15,Enrolled,441.99
1.2,129.72,123.3,60.05,0.563,Enrolled,499.7
8.67,32.59,175.72,16.97,0.304,Not Enrolled,503.78
3.16,30.76,46.4,2.21,0.141,Not Enrolled,772.94
19.55,129.04,435.3,23.2,0.747,Not Enrolled,1801.7
2.37,91.58,230.66,110.76,0.356,Enrolled,381.3
7.41,96.92,364.06,51.55,0.515,Enrolled,1043.94
1.32,60.37,165.18,130.71,0.187,Enrolled,213.39
4.28,35.5,306.86,37.75,0.195,Not Enrolled,428.0
4.47,47.01,612.85,294.54,0.224,Enrolled,163.88
23.33,48.13,668.62,110.73,0.458,Enrolled,463.23
5.19,81.24,804.32,193.12,0.369,Not Enrolled,440.25
3.46,37.7,404.09,150.62,0.259,Enrolled,210.1
9.27,58.01,257.13,10.37,0.367,Not Enrolled,1256.54
45.0,121.46,217.96,5.03,0.401,Not Enrolled,2109.48
23.35,100.66,989.89,38.59,0.281,Enrolled,2524.93
4.41,30.79,93.63,4.75,0.189,Not Enrolled,688.14
4.64,58.37,112.63,9.28,0.0447,Not Enrolled,786.94
12.18,43.4,854.22,142.12,0.245,Not Enrolled,374.1
0.686,26.02,553.79,342.47,0.259,Enrolled,97.82
38.68,113.25,994.33,38.84,0.549,Not Enrolled,2193.95
7.85,164.6,557.8,141.17,0.204,Not Enrolled,618.87
3.43,124.38,290.91,99.53,0.245,Enrolled,490.68
8.5,264.3,141.99,14.56,0.198,Not Enrolled,1469.74
2.25,61.83,412.87,201.06,0.102,Not Enrolled,188.87
1.61,114.56,141.22,31.41,0.0492,Not Enrolled,648.48
8.55,57.67,168.24,41.13,0.295,Not Enrolled,349.57
4.66,117.06,781.72,149.38,0.273,Enrolled,723.43
9.0,48.65,347.69,33.41,0.629,Not Enrolled,731.86
1.05,41.14,101.41,92.14,0.0606,Enrolled,167.76
22.7,140.07,1445.69,209.27,0.66,Not Enrolled,927.64
16.87,71.4,982.93,85.33,0.0299,Not Enrolled,923.89
7.28,99.64,276.8,57.89,0.322,Not Enrolled,600.94
4.9,18.35,223.3,40.45,0.361,Not Enrolled,218.9
33.76,407.77,866.4,34.65,0.535,Not Enrolled,3375.87
0.74,24.18,450.79,371.79,0.153,Enrolled,83.79
7.46,97.03,207.13,15.41,0.39,Not Enrolled,1119.69
5.28,58.41,56.95,5.99,0.516,Not Enrolled,751.19
3.42,184.37,664.4,218.83,0.154,Not Enrolled,469.62
0.967,79.77,175.9,71.28,0.198,Not Enrolled,381.4
55.36,131.25,241.74,2.38,0.389,Not Enrolled,3122.38
15.85,85.91,654.02,78.43,0.454,Not Enrolled,741.64
135.61,153.09,370.84,2.52,0.75,Not Enrolled,4501.35
8.19,75.95,211.44,10.3,0.278,Not Enrolled,1220.18
13.74,151.7,123.49,4.22,0.436,Not Enrolled,1891.47
9.04,144.35,245.2,18.45,0.2,Enrolled,1523.95
7.9,128.75,696.48,87.88,0.141,Not Enrolled,1064.22
11.51,85.77,168.36,16.31,0.736,Not Enrolled,970.54
5.28,102.56,384.16,63.32,0.127,Enrolled,765.87
5.32,45.66,55.22,3.95,0.365,Not Enrolled,801.28
3.31,141.79,516.18,139.14,0.584,Not Enrolled,611.04
4.23,222.03,168.13,29.53,0.411,Not Enrolled,1127.61
11.39,185.19,425.46,16.02,0.169,Not Enrolled,2469.81
4.16,207.29,121.06,22.05,0.259,Not Enrolled,1002.74
7.97,126.88,310.58,80.84,0.16,Enrolled,633.86
3.12,42.0,79.19,15.66,0.264,Not Enrolled,429.99
21.99,134.16,331.03,4.27,0.216,Not Enrolled,3408.09
1.52,47.61,577.01,418.26,0.24,Enrolled,104.83
1.58,33.32,490.93,358.55,0.0191,Enrolled,90.21
1.46,114.69,120.55,48.74,0.62,Not Enrolled,424.24
2.21,69.84,127.51,20.98,0.0443,Not Enrolled,636.62
9.96,80.31,239.03,13.8,0.456,Not Enrolled,1196.13
16.75,42.5,742.53,73.29,0.32,Not Enrolled,641.32
1.03,59.34,51.37,38.73,0.0491,Enrolled,278.91
4.63,184.4,535.3,92.25,0.422,Not Enrolled,949.52
5.47,79.31,415.73,68.78,0.293,Enrolled,805.83
7.85,70.4,134.23,10.33,0.289,Not Enrolled,864.09
2.64,21.63,145.25,57.4,0.0737,Not Enrolled,159.59
6.97,58.05,247.51,59.55,0.264,Not Enrolled,402.98
10.58,49.28,113.6,12.92,0.291,Enrolled,661.78
19.09,65.97,922.2,142.28,0.237,Not Enrolled,521.41
0.406,58.49,108.28,122.95,0.037,Enrolled,167.93
5.85,78.89,184.14,36.14,0.178,Enrolled,638.29
13.91,354.11,344.42,30.47,0.642,Not Enrolled,2007.64
8.91,64.39,283.55,38.13,0.195,Not Enrolled,603.38
86.78,187.06,433.74,2.31,0.671,Not Enrolled,6525.23
8.99,66.97,394.64,34.22,0.247,Not Enrolled,804.26
4.54,46.58,67.53,20.14,0.254,Enrolled,377.31
2.28,47.33,191.73,190.31,0.179,Enrolled,143.48
4.85,38.23,304.4,104.92,0.197,Not Enrolled,231.08
11.75,74.71,423.88,57.74,0.172,Not Enrolled,597.98
1.17,25.6,163.93,130.21,0.0794,Enrolled,128.84
19.26,144.86,925.1,96.32,0.492,Enrolled,1485.64
3.96,222.19,217.96,23.11,0.313,Not Enrolled,1566.78
3.65,79.11,316.7,207.98,0.288,Not Enrolled,182.62
0.801,58.18,741.22,362.07,0.00323,Enrolled,167.67
5.47,40.84,354.21,64.88,0.0874,Not Enrolled,335.34
0.675,256.87,414.98,352.55,0.123,Enrolled,247.75
1.39,93.93,90.89,108.25,0.27,Not Enrolled,193.81
31.06,167.16,355.63,10.62,0.389,Not Enrolled,2576.29
8.07,60.52,408.73,110.18,0.194,Not Enrolled,326.96
7.83,178.47,170.01,22.6,0.398,Not Enrolled,1170.99
8.02,86.48,516.3,54.9,0.253,Not Enrolled,949.03
3.08,55.3,184.42,91.6,0.343,Enrolled,251.31
2.18,41.31,312.95,106.21,0.0573,Not Enrolled,235.22
4.47,87.13,228.77,66.94,0.307,Not Enrolled,415.85
13.23,58.24,1174.54,161.02,0.269,Not Enrolled,591.56
2.06,338.12,296.6,96.04,0.163,Not Enrolled,841.62
8.07,67.33,389.85,38.44,0.153,Not Enrolled,807.12
2.35,109.58,172.79,73.16,0.154,Enrolled,492.0
3.47,116.01,214.44,58.25,0.336,Not Enrolled,600.59
0.92,46.98,282.89,190.88,0.0277,Enrolled,153.33
2.9,22.42,135.91,17.45,0.318,Not Enrolled,337.59
1.73,51.07,946.28,289.29,0.255,Not Enrolled,263.19
14.05,29.41,354.68,41.07,0.236,Not Enrolled,397.29
8.05,94.17,241.42,16.16,0.432,Not Enrolled,1229.82
2.65,85.63,107.64,12.41,0.15,Not Enrolled,860.1
11.68,192.59,158.15,1.72,0.248,Not Enrolled,4877.17
2.0,148.14,155.19,27.39,0.422,Not Enrolled,947.22
13.39,64.59,790.35,60.34,0.164,Not Enrolled,831.24
3.54,71.12,454.8,184.56,0.2,Enrolled,306.27
1.2,58.67,482.12,315.07,0.0426,Enrolled,150.95
0.57,76.2,169.97,257.9,0.163,Enrolled,137.73
4.25,39.32,349.7,78.15,0.185,Enrolled,391.1
2.61,117.05,413.97,145.23,0.309,Not Enrolled,410.0
1.52,50.46,6.74,2.07,0.0829,Enrolled,567.72
2.31,35.8,519.69,352.2,0.227,Not Enrolled,86.76
12.46,59.04,587.1,52.48,0.189,Not Enrolled,846.54
7.74,89.16,892.19,169.53,0.406,Not Enrolled,582.01
13.12,410.35,718.34,66.86,0.569,Enrolled,2826.0
4.04,46.67,689.01,140.39,0.263,Enrolled,398.46
1.87,115.36,249.07,104.63,0.439,Enrolled,431.81
8.33,59.36,625.83,107.23,0.147,Enrolled,544.49
7.63,69.8,297.56,22.14,0.322,Not Enrolled,946.48
3.58,85.4,64.83,5.75,0.0609,Enrolled,1065.11
16.69,101.21,355.39,22.32,0.526,Not Enrolled,1210.43
8.12,140.24,219.89,19.74,0.393,Not Enrolled,1328.72
0.457,38.32,98.92,122.5,0.0692,Enrolled,133.72
2.96,75.1,602.46,124.72,0.407,Not Enrolled,491.34
2.56,20.7,386.51,163.34,0.258,Enrolled,124.27
7.34,61.47,180.26,24.78,0.182,Not Enrolled,596.4
1.66,21.42,948.64,593.98,0.199,Enrolled,66.74
14.12,169.72,862.13,112.12,0.506,Enrolled,1421.96
4.35,87.29,206.31,16.99,0.301,Not Enrolled,807.62
5.3,76.28,96.99,21.74,0.324,Not Enrolled,561.16
38.34,151.69,281.87,2.07,0.37,Not Enrolled,4569.66
4.2,56.04,158.51,37.75,0.078,Enrolled,463.24
9.86,126.02,96.81,4.13,0.474,Not Enrolled,1543.76
6.95,128.18,311.9,48.11,0.377,Not Enrolled,775.87
17.31,87.05,386.15,40.55,0.311,Enrolled,961.9
2.66,45.01,150.52,63.06,0.285,Enrolled,276.88
6.86,55.93,561.67,236.16,0.461,Enrolled,210.28
11.57,54.7,615.74,61.13,0.527,Not Enrolled,750.5
5.56,143.73,243.73,23.82,0.226,Not Enrolled,1100.71
8.22,56.09,701.49,142.5,0.337,Not Enrolled,388.49
24.42,39.55,744.03,27.03,0.185,Not Enrolled,1181.79
7.54,79.76,316.49,29.27,0.357,Not Enrolled,940.59
9.75,165.65,931.96,265.31,0.662,Not Enrolled,506.28
2.83,110.38,325.92,176.06,0.163,Not Enrolled,263.67
12.35,171.31,304.14,31.02,0.24,Enrolled,1445.66
18.72,93.7,604.03,94.63,0.173,Not Enrolled,687.22
5.73,88.79,207.82,36.83,0.388,Not Enrolled,644.68
10.44,272.35,503.43,41.1,0.605,Not Enrolled,2257.3
9.3,372.97,203.73,13.64,0.323,Not Enrolled,2509.72
2.13,220.59,281.21,69.3,0.139,Not Enrolled,871.63
6.99,78.32,193.43,13.09,0.404,Not Enrolled,1120.73
9.4,277.91,495.98,90.41,0.375,Not Enrolled,1061.09
2.13,80.46,359.79,233.88,0.0908,Enrolled,191.57
1.59,27.46,82.5,31.77,0.179,Enrolled,238.95
1.88,71.21,153.89,162.97,0.182,Enrolled,178.43
6.62,74.04,316.56,31.38,0.402,Not Enrolled,847.32
8.62,147.17,308.2,43.53,0.731,Not Enrolled,949.74
4.61,101.95,147.49,13.72,0.245,Not Enrolled,995.56
0.507,32.3,221.11,233.17,0.122,Enrolled,93.86
27.72,153.93,681.08,115.32,0.557,Not Enrolled,841.16
1.49,104.21,345.3,117.49,0.293,Not Enrolled,398.72
3.96,109.26,157.4,62.38,0.538,Enrolled,526.83
3.06,76.14,1053.24,426.78,0.0228,Not Enrolled,177.77
1.95,53.46,112.15,51.94,0.261,Enrolled,342.21
4.23,55.08,75.91,13.61,0.15,Enrolled,562.61
1.91,25.61,120.99,105.81,0.179,Enrolled,116.58
1.82,188.18,191.28,83.5,0.4,Not Enrolled,505.76
29.57,56.79,649.34,22.07,0.322,Not Enrolled,1270.44
13.91,116.05,330.91,5.16,0.519,Not Enrolled,3420.84
2.32,96.61,697.29,282.37,0.144,Enrolled,289.42
2.74,115.31,125.98,21.24,0.513,Not Enrolled,730.91
8.94,65.21,713.96,74.09,0.25,Not Enrolled,770.3
24.23,58.43,439.64,14.68,0.43,Not Enrolled,1247.85
2.18,43.2,416.11,194.69,0.457,Enrolled,210.85
5.01,39.17,654.21,213.79,0.412,Enrolled,235.33
3.1,32.84,242.26,78.88,0.112,Not Enrolled,229.6
2.02,152.89,472.9,165.45,0.18,Enrolled,559.08
21.24,123.06,963.61,117.34,0.758,Not Enrolled,922.13
3.56,32.94,113.47,33.3,0.125,Not Enrolled,245.41
0.61,40.75,180.19,203.04,0.152,Enrolled,116.41
11.02,168.99,237.51,28.71,0.298,Not Enrolled,1174.16
9.13,119.57,249.1,8.61,0.295,Not Enrolled,2004.16
1.45,56.66,200.63,82.52,0.265,Not Enrolled,286.87
1.77,52.26,362.27,186.73,0.274,Not Enrolled,191.98
6.66,226.43,439.5,98.68,0.503,Not Enrolled,869.55
5.07,52.64,161.83,17.04,0.212,Enrolled,763.26
0.823,42.05,430.92,244.35,0.294,Enrolled,153.81
7.77,274.75,122.71,8.62,0.574,Not Enrolled,2109.22
1.21,28.6,49.76,34.55,0.17,Enrolled,187.87
4.12,116.19,207.03,15.54,0.379,Not Enrolled,1300.38
1.02,73.3,287.42,273.0,0.0306,Enrolled,145.16
6.29,35.52,274.16,36.04,0.413,Enrolled,514.91
1.37,94.3,84.44,42.07,0.162,Not Enrolled,362.21
17.66,125.06,582.1,72.36,0.441,Not Enrolled,871.72
1.98,203.59,405.73,199.21,0.357,Not Enrolled,411.55
10.38,165.77,486.06,34.0,0.397,Not Enrolled,1721.38
6.41,67.65,690.82,91.6,0.159,Not Enrolled,633.23
1.25,375.52,118.04,47.95,0.208,Not Enrolled,843.83
4.02,101.21,854.54,374.47,0.314,Not Enrolled,224.6
3.58,53.54,384.0,86.28,0.11,Not Enrolled,373.58
2.59,66.4,190.92,101.63,0.162,Enrolled,275.67
16.51,30.73,1090.96,183.46,0.488,Not Enrolled,302.48
1.28,34.24,45.69,36.9,0.119,Enrolled,222.95
9.63,72.82,393.9,54.94,0.628,Not Enrolled,703.98
9.69,154.83,654.06,133.04,0.446,Not Enrolled,657.66
2.96,127.33,552.21,178.04,0.137,Enrolled,456.48
1.64,39.15,231.5,125.0,0.0318,Enrolled,180.64
1.78,26.15,247.82,119.77,0.253,Enrolled,169.23
7.17,79.37,77.83,2.08,0.236,Not Enrolled,1728.6
0.941,116.93,561.28,372.21,0.14,Not Enrolled,182.77
13.37,81.78,577.5,112.36,0.482,Not Enrolled,518.33
14.43,65.53,770.56,40.32,0.175,Not Enrolled,1282.62
14.37,66.14,627.87,122.76,0.354,Enrolled,490.38
9.42,158.24,342.93,34.16,0.552,Not Enrolled,1292.14
3.86,92.74,826.35,200.94,0.223,Not Enrolled,424.78
15.72,97.82,696.63,58.59,0.351,Not Enrolled,1062.5
2.02,44.08,373.52,193.74,0.402,Not Enrolled,160.19
6.08,154.2,331.29,55.9,0.321,Not Enrolled,816.91
45.01,37.67,801.15,62.47,0.783,Not Enrolled,655.17
8.8,95.72,961.01,247.86,0.419,Not Enrolled,362.38
11.03,164.49,250.81,11.73,0.172,Not Enrolled,1765.73
2.27,71.23,81.73,30.21,0.0282,Enrolled,407.48
1.52,17.88,145.31,125.19,0.199,Enrolled,86.88
6.35,48.3,251.61,53.16,0.456,Not Enrolled,340.21
2.41,145.81,148.98,42.52,0.215,Not Enrolled,598.72
3.6,51.34,69.13,30.25,0.403,Enrolled,334.44
9.37,147.58,844.31,139.32,0.129,Not Enrolled,774.7
2.82,261.21,442.79,130.84,0.352,Not Enrolled,730.65
1.23,33.54,133.91,79.61,0.167,Enrolled,194.82
5.11,85.71,281.78,77.73,0.222,Enrolled,520.79
45.64,79.23,735.61,17.71,0.215,Not Enrolled,2272.86
1.52,90.2,315.32,142.09,0.0789,Not Enrolled,295.73
1.78,51.32,241.2,136.63,0.148,Not Enrolled,191.77
9.75,97.25,405.16,40.51,0.508,Enrolled,1242.29
26.75,141.33,215.48,4.12,0.555,Not Enrolled,2399.85
16.97,59.35,232.76,9.83,0.214,Not Enrolled,1010.94
7.04,69.2,199.2,62.35,0.414,Enrolled,445.93
9.12,124.35,167.16,17.21,0.343,Enrolled,1308.47
16.48,76.85,274.52,15.15,0.582,Not Enrolled,1234.11
1.74,47.95,53.51,10.58,0.119,Not Enrolled,478.96
9.23,78.79,167.32,19.79,0.382,Not Enrolled,794.15
4.56,105.22,305.57,66.53,0.354,Not Enrolled,642.04
16.36,42.81,213.28,18.49,0.111,Not Enrolled,597.52
10.96,68.25,349.34,39.51,0.269,Not Enrolled,732.05
6.37,88.36,587.01,190.52,0.26,Not Enrolled,318.48
5.21,179.47,862.21,195.69,0.545,Not Enrolled,708.34
4.18,55.46,415.46,116.14,0.349,Not Enrolled,335.32
3.18,55.02,419.62,50.27,0.12,Not Enrolled,614.42
16.85,85.49,293.28,44.24,0.506,Not Enrolled,621.47
4.26,22.15,160.55,72.79,0.0957,Enrolled,166.06
2.21,53.7,117.2,73.73,0.218,Enrolled,263.36
5.36,159.64,220.66,67.33,0.543,Not Enrolled,613.99
9.42,71.89,298.16,11.57,0.574,Not Enrolled,1433.15
2.31,88.52,126.28,35.07,0.343,Enrolled,643.19
17.42,76.5,168.74,17.38,0.387,Not Enrolled,791.46
17.36,61.19,1090.27,117.49,0.397,Enrolled,918.7
5.06,125.92,386.01,130.64,0.33,Not Enrolled,416.13
17.43,45.65,123.0,4.55,0.441,Not Enrolled,866.25
13.32,118.87,431.58,89.82,0.61,Not Enrolled,590.13
1.36,40.22,152.69,78.25,0.212,Not Enrolled,215.24
1.62,75.21,217.14,213.75,0.268,Not Enrolled,142.09
3.9,94.52,390.67,81.59,0.498,Not Enrolled,604.44
0.947,65.51,127.4,75.91,0.295,Enrolled,328.36
2.87,77.21,266.23,80.16,0.273,Not Enrolled,359.66
2.0,30.36,260.15,204.8,0.212,Enrolled,118.72
0.668,26.15,65.49,52.91,0.238,Enrolled,160.5
4.1,45.03,609.96,70.98,0.143,Not Enrolled,563.93
1.99,31.59,377.86,166.81,0.152,Enrolled,181.08
9.59,99.12,184.97,4.83,0.55,Not Enrolled,1933.17
9.22,49.35,322.41,39.56,0.215,Enrolled,619.64
8.23,41.59,699.02,151.87,0.118,Not Enrolled,304.17
0.881,69.35,297.66,148.83,0.0785,Enrolled,264.88
5.43,48.04,287.95,77.04,0.0811,Not Enrolled,304.64
1.25,196.08,255.96,95.64,0.335,Enrolled,725.01
3.28,32.09,235.09,56.1,0.0635,Not Enrolled,281.78
2.2,56.61,346.38,134.87,0.472,Not Enrolled,273.25
11.05,51.89,372.48,84.06,0.174,Not Enrolled,345.14
0.989,144.77,46.02,5.17,0.0931,Enrolled,1378.59
3.53,52.16,135.11,50.46,0.175,Enrolled,334.28
1.6,75.3,107.82,27.58,0.315,Not Enrolled,528.73
7.06,51.3,390.71,123.49,0.318,Enrolled,303.4
5.94,80.53,494.44,105.33,0.167,Not Enrolled,488.31
0.537,45.77,117.54,103.65,0.00634,Not Enrolled,159.05
3.83,213.21,82.94,7.34,0.258,Not Enrolled,1518.04
2.25,114.13,246.68,67.82,0.197,Not Enrolled,534.04
9.07,40.56,846.54,94.25,0.0984,Enrolled,670.56
1.74,33.83,45.24,36.57,0.169,Enrolled,207.88
4.85,73.55,272.73,25.25,0.265,Not Enrolled,895.39
7.03,80.86,304.73,87.05,0.289,Enrolled,432.72
3.53,66.39,257.09,157.04,0.508,Enrolled,221.34
1.84,81.87,585.71,326.1,0.255,Enrolled,199.17
3.34,159.69,452.78,175.91,0.503,Enrolled,457.84
13.64,78.73,259.82,12.14,0.405,Not Enrolled,1371.82
9.18,53.44,121.67,5.43,0.181,Not Enrolled,974.55
1.19,29.46,85.77,65.5,0.114,Not Enrolled,132.0
8.44,293.47,597.13,121.42,0.734,Not Enrolled,1088.29
2.09,41.37,166.25,71.65,0.366,Enrolled,299.62
1.79,55.96,293.37,146.38,0.302,Enrolled,237.24
11.62,325.68,318.68,11.55,0.373,Not Enrolled,3264.51
14.92,144.15,894.27,124.15,0.457,Not Enrolled,915.66
5.21,65.99,185.76,58.75,0.198,Enrolled,428.36
8.37,59.6,288.93,22.7,0.313,Not Enrolled,846.83
17.52,130.32,262.06,17.64,0.42,Enrolled,1615.38
4.04,39.85,32.92,6.4,0.181,Enrolled,469.21
4.67,42.37,109.82,5.2,0.161,Not Enrolled,759.63
1.39,114.62,408.05,154.53,0.206,Not Enrolled,352.72
9.2,62.29,429.95,136.02,0.532,Not Enrolled,313.56
5.61,263.27,267.12,56.69,0.364,Enrolled,1128.6
3.98,282.83,314.64,43.66,0.174,Enrolled,1625.06
3.75,26.77,373.58,94.54,0.111,Enrolled,252.57
152.72,440.15,831.0,11.53,0.506,Not Enrolled,6991.64
10.59,89.73,762.06,116.82,0.452,Not Enrolled,726.66
10.32,52.33,385.71,34.92,0.515,Not Enrolled,774.68
4.87,143.04,107.08,18.35,0.357,Not Enrolled,911.89
8.53,60.03,323.96,38.85,0.15,Not Enrolled,625.59
18.33,75.04,531.51,91.22,0.345,Not Enrolled,490.73
1.19,63.85,235.15,101.92,0.0394,Not Enrolled,271.68
2.03,121.05,88.19,42.99,0.271,Enrolled,484.7
0.167,68.69,356.9,562.93,0.0712,Enrolled,72.35
3.87,104.48,295.02,87.96,0.166,Enrolled,501.23
23.75,69.91,468.86,17.73,0.527,Not Enrolled,1418.51
1.49,183.91,172.81,111.33,0.0873,Enrolled,399.51
3.64,61.22,338.13,64.22,0.242,Not Enrolled,517.96
1.85,74.03,25.83,8.58,0.615,Enrolled,634.52
8.43,108.04,198.8,13.62,0.319,Not Enrolled,1229.3
13.96,31.44,612.81,51.46,0.693,Enrolled,785.54
13.09,41.88,301.28,37.0,0.0621,Enrolled,526.93
22.39,59.56,504.37,36.0,0.304,Not Enrolled,921.04
2.57,44.95,296.01,40.11,0.0704,Not Enrolled,546.32
4.28,129.59,370.4,98.14,0.45,Not Enrolled,516.54
2.94,36.5,261.44,126.27,0.112,Enrolled,186.4
2.42,78.63,140.63,49.65,0.225,Enrolled,458.7
13.46,34.73,234.2,18.24,0.102,Enrolled,688.25
5.24,97.48,311.11,20.47,0.139,Not Enrolled,1248.96
8.68,66.38,497.57,49.33,0.134,Not Enrolled,812.02
15.83,38.07,826.24,112.25,0.423,Not Enrolled,415.94
18.62,847.11,575.17,20.65,0.391,Not Enrolled,5410.06
1.4,108.69,127.59,112.38,0.217,Not Enrolled,246.17
10.33,185.89,556.35,32.34,0.501,Not Enrolled,2027.7
4.35,153.59,8.13,1.04,0.133,Not Enrolled,2642.16
7.98,30.34,162.44,27.4,0.192,Enrolled,390.07
3.61,45.91,196.99,38.92,0.158,Not Enrolled,396.66
4.71,51.72,138.61,9.19,0.125,Not Enrolled,875.27
7.53,37.32,364.75,34.97,0.44,Not Enrolled,542.1
3.07,36.75,112.12,17.16,0.298,Enrolled,476.1
19.04,84.31,140.79,5.74,0.46,Enrolled,1675.06
1.04,72.14,173.88,104.98,0.264,Not Enrolled,256.5
3.66,58.04,38.78,2.95,0.429,Not Enrolled,957.79
1.89,45.21,60.73,32.99,0.0659,Not Enrolled,258.24
1.93,168.25,375.88,133.68,0.195,Not Enrolled,532.18
2.9,31.8,616.14,227.37,0.312,Not Enrolled,168.96
37.04,45.25,214.58,3.97,0.394,Not Enrolled,1389.25
1.13,51.8,45.28,20.32,0.0282,Not Enrolled,326.64
15.74,108.67,217.9,8.48,0.247,Not Enrolled,1411.8
4.65,118.33,860.66,198.25,0.411,Enrolled,661.25
4.13,64.79,264.25,71.41,0.193,Enrolled,438.04
0.512,72.93,225.84,196.37,0.0505,Enrolled,179.33
5.41,56.68,943.47,313.7,0.255,Enrolled,235.45
10.45,173.95,814.1,70.65,0.492,Not Enrolled,1623.04
3.99,38.16,538.17,112.53,0.297,Enrolled,378.67
1.23,91.49,45.85,6.16,0.201,Enrolled,965.92
3.3,60.83,708.54,291.74,0.334,Enrolled,217.51
1.48,37.58,331.85,323.7,0.0994,Enrolled,90.25
0.629,44.93,60.33,85.01,0.268,Enrolled,155.62
60.28,495.52,340.34,1.11,0.549,Not Enrolled,19075.32
0.611,45.02,43.17,28.18,0.108,Enrolled,287.53
3.33,72.86,371.19,124.37,0.0804,Enrolled,387.36
12.35,86.65,991.75,133.21,0.451,Not Enrolled,701.48
3.37,70.86,292.81,63.05,0.352,Enrolled,581.38
25.59,26.57,302.08,9.36,0.431,Not Enrolled,812.92
1.81,35.09,161.15,118.79,0.103,Enrolled,148.53
5.83,205.65,277.1,13.19,0.334,Not Enrolled,2151.01
2.44,83.53,169.73,96.74,0.455,Not Enrolled,285.89
34.59,211.28,175.85,1.08,0.528,Not Enrolled,9356.83
6.54,70.73,583.11,117.49,0.42,Enrolled,522.01
2.84,208.51,639.19,269.85,0.251,Enrolled,444.75
2.8,40.56,788.73,220.53,0.183,Not Enrolled,215.56
29.21,74.81,447.93,25.02,0.322,Not Enrolled,1039.46
10.7,58.36,183.17,13.18,0.231,Enrolled,896.5
6.1,31.58,330.7,86.92,0.0324,Not Enrolled,239.29
2.95,43.57,55.82,10.24,0.0613,Enrolled,470.48
3.39,32.16,699.52,352.07,0.164,Enrolled,117.75
0.528,166.2,10.01,9.49,0.0318,Enrolled,601.93
4.34,41.12,689.44,177.68,0.13,Enrolled,298.06
26.22,39.56,400.54,12.96,0.212,Not Enrolled,930.61
2.12,27.81,541.73,238.17,0.115,Enrolled,146.4
29.04,152.18,149.61,2.59,0.592,Not Enrolled,3211.96
3.32,38.47,90.9,28.63,0.403,Enrolled,335.98
1.43,32.86,624.62,331.12,0.314,Not Enrolled,117.79
4.47,74.54,819.2,242.75,0.245,Not Enrolled,294.61
8.66,86.37,511.65,149.86,0.0393,Enrolled,392.29
5.67,137.67,511.57,208.62,0.407,Not Enrolled,361.43
5.95,46.68,545.76,155.9,0.0591,Not Enrolled,263.69
5.67,68.21,555.13,96.07,0.14,Not Enrolled,553.35
0.522,58.46,215.76,310.49,0.122,Enrolled,93.82
11.48,202.39,482.18,41.48,0.609,Not Enrolled,1852.36
3.24,82.67,97.77,7.15,0.317,Not Enrolled,1044.19
2.13,23.83,190.38,92.01,0.138,Enrolled,151.29
4.24,65.55,57.64,7.34,0.211,Not Enrolled,625.25
2.61,56.4,27.33,16.03,0.155,Enrolled,333.28
5.57,82.99,949.42,235.25,0.279,Enrolled,433.73
17.39,185.16,636.15,90.04,0.413,Enrolled,1216.13
1.72,70.3,133.15,39.57,0.291,Not Enrolled,408.22
14.43,124.88,119.51,4.76,0.195,Not Enrolled,1711.9
4.48,82.7,443.3,81.68,0.46,Enrolled,718.39
6.49,103.97,263.65,89.52,0.135,Enrolled,428.83
4.12,37.31,143.93,31.9,0.132,Enrolled,364.94
30.73,108.73,532.58,14.12,0.268,Not Enrolled,2601.68
2.32,57.47,56.4,15.86,0.164,Not Enrolled,417.49
13.01,264.08,328.4,9.81,0.537,Not Enrolled,2751.51
1.49,34.74,137.31,89.71,0.189,Enrolled,175.93
12.52,60.54,656.77,111.89,0.354,Not Enrolled,491.15
2.67,70.41,225.82,106.59,0.0731,Not Enrolled,271.63
5.1,74.71,366.46,30.1,0.127,Not Enrolled,942.95
3.12,89.73,191.99,9.44,0.151,Not Enrolled,1231.97
2.47,36.81,117.83,40.48,0.106,Enrolled,294.39
4.19,23.14,263.16,127.42,0.0189,Enrolled,128.23
10.19,37.85,289.28,96.01,0.299,Not Enrolled,225.36
15.04,84.51,484.77,38.24,0.254,Not Enrolled,1017.11
10.25,81.25,436.36,40.0,0.438,Not Enrolled,1018.75
1.75,69.69,365.99,133.39,0.0557,Enrolled,373.85
5.23,28.56,512.75,197.51,0.135,Not Enrolled,145.77
11.26,31.17,1088.94,183.33,0.311,Enrolled,377.78
0.543,74.43,95.34,154.18,0.145,Enrolled,157.05
2.47,66.12,267.44,111.76,0.184,Enrolled,316.65
12.02,102.5,327.71,15.98,0.353,Not Enrolled,1536.1
0.42,52.94,96.88,209.04,0.0838,Enrolled,100.97
12.2,49.78,168.83,6.72,0.41,Not Enrolled,998.99
4.74,156.04,191.98,15.97,0.377,Not Enrolled,1292.3
3.36,47.45,313.85,211.48,0.279,Not Enrolled,141.83
9.06,141.77,240.12,14.85,0.63,Not Enrolled,1566.05
34.24,105.1,668.81,32.66,0.682,Not Enrolled,1858.64
86.12,224.83,744.07,16.34,0.261,Not Enrolled,4583.73
4.08,201.93,189.09,8.3,0.237,Not Enrolled,2312.22
2.36,93.82,400.88,186.24,0.286,Not Enrolled,279.11
5.73,113.11,142.34,12.22,0.128,Not Enrolled,1045.18
6.32,95.91,235.43,14.18,0.217,Enrolled,1409.56
8.61,29.5,435.28,109.04,0.2,Not Enrolled,218.8
0.655,29.33,52.23,122.46,0.145,Enrolled,95.29
7.14,46.92,491.61,112.29,0.0903,Enrolled,357.68
68.69,386.18,410.5,3.72,0.718,Not Enrolled,6340.51
18.4,35.19,642.72,80.37,0.255,Enrolled,477.12
8.65,269.1,205.74,30.85,0.367,Not Enrolled,1175.12
1.61,47.05,304.03,104.39,0.144,Not Enrolled,245.19
3.64,53.65,339.34,123.23,0.448,Enrolled,304.34
5.79,83.52,397.07,76.11,0.574,Enrolled,691.18
2.18,55.98,119.79,43.09,0.303,Enrolled,385.2
3.62,58.93,138.87,19.56,0.431,Enrolled,720.39
1.35,78.29,270.12,204.77,0.314,Not Enrolled,176.28
5.98,69.07,443.29,132.92,0.189,Not Enrolled,346.53
6.0,59.83,631.12,225.94,0.055,Enrolled,246.33
7.09,99.48,211.09,36.97,0.134,Not Enrolled,701.81
6.7,199.74,203.03,12.28,0.313,Not Enrolled,1643.85
2.36,124.28,193.33,173.11,0.657,Enrolled,242.11
17.18,228.26,307.45,6.4,0.569,Not Enrolled,3662.37
12.65,57.72,374.2,72.9,0.202,Enrolled,471.15
6.16,71.78,198.0,36.14,0.151,Not Enrolled,566.47
6.01,71.72,342.95,114.11,0.376,Enrolled,352.77
13.58,91.49,405.0,69.93,0.244,Not Enrolled,615.42
21.37,91.3,237.97,7.13,0.249,Enrolled,1939.61
4.0,54.62,279.28,42.89,0.534,Not Enrolled,568.16
7.09,118.05,221.69,42.91,0.331,Not Enrolled,685.22
1.6,43.8,128.82,22.66,0.173,Enrolled,521.03
1.39,109.5,210.92,61.51,0.178,Enrolled,623.89
1.56,43.5,179.54,96.77,0.137,Not Enrolled,202.41
9.31,68.58,369.34,46.26,0.309,Not Enrolled,647.12
17.52,101.37,555.74,36.05,0.57,Not Enrolled,1352.52
13.13,220.74,485.35,17.3,0.221,Not Enrolled,2754.62
0.588,67.42,197.17,195.13,0.118,Enrolled,176.97
14.3,103.85,877.96,94.74,0.452,Not Enrolled,1035.22
5.34,46.04,106.56,10.05,0.26,Enrolled,721.6
6.64,53.83,63.63,3.61,0.384,Enrolled,1050.63
4.28,34.79,395.93,191.62,0.0462,Enrolled,176.94
15.47,173.67,493.16,54.59,0.264,Not Enrolled,1171.72
16.62,67.46,105.25,1.14,0.298,Not Enrolled,3628.21
5.13,56.57,455.13,175.05,0.161,Enrolled,274.36
5.31,179.55,53.9,3.87,0.473,Enrolled,1948.39
1.09,53.9,160.17,105.95,0.162,Enrolled,241.49
4.26,126.51,728.41,209.71,0.138,Enrolled,497.0
1.13,56.4,317.92,253.76,0.0261,Enrolled,133.67
2.35,35.61,148.79,40.18,0.123,Not Enrolled,279.22
3.3,39.92,107.82,25.53,0.197,Enrolled,393.54
3.6,68.97,1007.93,428.16,0.301,Enrolled,197.71
6.13,153.01,387.61,43.59,0.587,Enrolled,1354.08
10.69,178.79,654.88,117.46,0.582,Enrolled,1013.5
5.22,36.77,331.38,79.76,0.0313,Not Enrolled,288.59
1.84,97.99,273.15,155.44,0.111,Enrolled,271.55
2.74,45.69,212.38,77.6,0.189,Not Enrolled,268.88
11.73,44.77,481.73,139.59,0.145,Enrolled,277.94
3.52,32.41,28.44,2.76,0.116,Not Enrolled,537.6
4.79,189.59,504.74,179.09,0.565,Not Enrolled,491.63
5.31,157.95,90.73,30.63,0.255,Not Enrolled,612.12
3.53,119.19,81.47,3.5,0.258,Not Enrolled,1703.25
3.05,238.75,363.19,40.72,0.533,Not Enrolled,1548.81
0.599,64.68,102.77,102.66,0.0261,Enrolled,191.34
35.09,83.06,804.9,90.45,0.375,Not Enrolled,830.5
7.76,70.81,565.43,108.71,0.192,Not Enrolled,473.6
3.71,61.06,196.24,76.5,0.261,Enrolled,333.22
20.59,53.52,927.36,158.7,0.25,Not Enrolled,415.66
7.81,78.45,998.39,367.61,0.289,Not Enrolled,232.12
2.82,45.54,75.67,12.44,0.0816,Not Enrolled,415.82
13.03,184.83,300.85,14.77,0.512,Not Enrolled,2272.9
106.99,71.23,930.46,15.59,0.612,Enrolled,3544.27
8.48,100.86,226.08,46.69,0.176,Not Enrolled,625.79
2.8,38.14,669.38,207.93,0.135,Enrolled,249.44
8.22,53.46,89.12,13.59,0.0949,Enrolled,630.2
21.46,48.61,696.69,32.37,0.355,Not Enrolled,976.5
0.675,48.49,182.46,184.09,0.278,Enrolled,134.06
15.43,53.38,328.49,42.2,0.117,Enrolled,605.0
13.05,68.99,308.64,22.25,0.349,Not Enrolled,838.01
6.85,75.4,794.69,180.85,0.467,Enrolled,539.25
1.83,121.3,56.13,9.92,0.191,Not Enrolled,919.73
7.09,151.06,407.76,55.23,0.377,Not Enrolled,1107.37
22.74,297.61,840.5,12.17,0.582,Not Enrolled,6823.41
5.99,100.39,130.68,11.42,0.639,Not Enrolled,1171.63
24.06,86.38,674.1,82.52,0.609,Enrolled,871.7
38.36,145.95,648.44,16.08,0.387,Not Enrolled,2940.02
13.73,127.92,517.88,100.31,0.334,Not Enrolled,564.46
19.04,86.82,971.73,238.8,0.515,Enrolled,477.07
1.33,40.14,69.88,88.73,0.067,Not Enrolled,125.14
14.03,34.83,288.01,17.09,0.088,Not Enrolled,633.6
1.34,60.99,219.37,60.71,0.214,Enrolled,473.62
4.87,60.29,189.99,29.91,0.0886,Not Enrolled,541.27
0.548,61.92,145.65,227.4,0.0923,Enrolled,124.01
6.6,216.37,123.3,17.17,0.47,Not Enrolled,1201.21
3.78,83.82,39.63,4.8,0.32,Enrolled,944.77
18.99,86.53,475.22,13.54,0.185,Not Enrolled,1793.07
5.28,78.83,201.43,22.35,0.434,Not Enrolled,785.56
7.07,185.7,345.04,44.31,0.116,Not Enrolled,1188.98
12.2,85.12,353.83,8.7,0.379,Not Enrolled,2037.99
14.04,48.25,802.2,112.86,0.355,Not Enrolled,430.65
11.03,49.2,496.56,82.22,0.608,Not Enrolled,437.67
6.49,44.15,214.66,71.15,0.0989,Enrolled,290.77
4.41,110.59,444.96,58.27,0.277,Not Enrolled,829.79
5.02,100.22,809.75,214.55,0.65,Not Enrolled,461.49
8.16,93.2,62.11,4.15,0.636,Enrolled,1312.41
6.4,103.19,527.34,81.79,0.433,Not Enrolled,783.55
3.74,98.96,338.44,81.28,0.385,Enrolled,585.92
2.73,92.84,172.17,81.23,0.4,Enrolled,450.45
8.59,90.95,497.93,53.56,0.101,Not Enrolled,943.48
2.88,79.19,143.44,37.12,0.0869,Not Enrolled,494.72
22.18,39.63,420.83,47.75,0.183,Not Enrolled,483.03
41.51,36.82,737.98,19.49,0.13,Not Enrolled,1127.36
3.77,36.5,75.68,3.81,0.337,Enrolled,861.16
10.82,54.6,596.31,130.19,0.0739,Not Enrolled,364.3
10.36,98.54,320.18,12.76,0.45,Enrolled,1901.02
1.42,96.35,563.28,262.25,0.0979,Not Enrolled,249.77
10.25,163.59,581.83,26.21,0.183,Not Enrolled,2124.35
2.8,91.32,801.91,289.4,0.0438,Enrolled,313.96
14.25,275.13,326.84,44.36,0.588,Enrolled,1799.89
7.06,223.18,219.16,9.96,0.708,Not Enrolled,2523.84
3.11,88.57,165.28,41.5,0.24,Enrolled,599.97
30.77,392.56,700.71,39.39,0.611,Not Enrolled,3097.18
1.49,106.53,742.74,344.49,0.432,Not Enrolled,227.06
7.5,129.16,581.56,68.18,0.231,Not Enrolled,1027.48
4.46,135.44,788.64,168.25,0.359,Not Enrolled,642.25
1.36,81.3,440.79,164.88,0.165,Not Enrolled,309.25
7.08,77.65,368.31,123.99,0.17,Enrolled,398.03
2.38,104.14,154.27,73.77,0.418,Enrolled,478.1
19.36,61.34,913.5,80.96,0.0991,Not Enrolled,757.02
2.04,110.67,222.83,101.27,0.22,Not Enrolled,345.17
7.72,35.73,492.34,71.73,0.0801,Not Enrolled,394.48
9.07,100.99,419.95,79.14,0.161,Enrolled,663.99
1.83,71.55,37.51,14.29,0.353,Enrolled,492.9
7.3,69.96,36.0,1.47,0.446,Not Enrolled,1650.13
9.59,53.89,518.34,108.19,0.111,Not Enrolled,371.16
2.38,47.87,272.54,112.24,0.213,Enrolled,260.63
13.61,39.14,362.91,54.4,0.368,Enrolled,473.67
11.83,90.77,242.78,36.03,0.192,Enrolled,784.84
11.39,43.03,301.92,17.05,0.0278,Not Enrolled,782.03
7.56,159.97,666.31,63.31,0.309,Not Enrolled,1355.6
4.64,66.93,357.35,98.17,0.129,Enrolled,407.34
0.921,55.13,724.93,385.07,0.252,Not Enrolled,134.55
17.64,53.81,406.4,53.28,0.544,Not Enrolled,568.78
1.47,75.5,99.81,19.56,0.124,Not Enrolled,625.79
13.71,51.78,258.85,5.5,0.117,Not Enrolled,1428.03
2.6,58.79,71.71,21.2,0.294,Not Enrolled,436.15
8.29,136.22,267.74,60.34,0.276,Not Enrolled,603.33
8.92,67.71,214.54,24.16,0.103,Not Enrolled,659.49
16.13,82.93,970.68,219.87,0.384,Not Enrolled,381.73
5.7,78.86,161.31,15.09,0.226,Enrolled,976.88
1.58,24.33,79.08,52.59,0.0355,Enrolled,153.82
3.8,70.22,55.16,3.92,0.178,Not Enrolled,1033.55
5.7,41.46,237.5,47.69,0.12,Enrolled,402.73
2.89,256.06,57.75,7.33,0.273,Not Enrolled,1518.15
13.7,111.49,366.63,10.84,0.42,Not Enrolled,2195.5
3.56,50.43,831.81,331.07,0.372,Not Enrolled,180.16
6.26,98.15,445.05,68.38,0.0818,Not Enrolled,695.48
4.77,65.61,280.8,48.1,0.137,Enrolled,586.32
3.39,68.82,338.06,88.57,0.269,Not Enrolled,419.72
10.88,26.51,966.48,256.94,0.151,Enrolled,184.33
4.8,341.42,384.78,29.38,0.451,Not Enrolled,2506.85
7.84,153.7,246.8,35.69,0.475,Not Enrolled,1026.08
15.37,42.5,314.3,8.59,0.419,Not Enrolled,1060.9
1.75,118.51,136.64,44.93,0.332,Not Enrolled,565.41
8.52,43.6,243.35,27.28,0.379,Enrolled,637.77
3.96,134.55,352.82,145.82,0.286,Enrolled,463.61
6.2,45.26,258.03,58.48,0.115,Not Enrolled,350.65
4.44,213.2,184.15,21.36,0.289,Enrolled,1523.8
2.69,43.81,301.86,125.76,0.194,Not Enrolled,216.34
3.52,36.64,264.62,86.4,0.179,Not Enrolled,236.79
0.484,85.05,70.16,26.94,0.229,Enrolled,559.69
9.15,67.52,428.58,31.83,0.307,Not Enrolled,943.99
28.33,34.89,639.31,35.81,0.323,Not Enrolled,673.78
0.848,25.51,235.87,228.6,0.102,Enrolled,83.76
13.63,95.57,422.03,17.38,0.53,Not Enrolled,1850.97
0.678,32.17,102.33,135.15,0.0936,Enrolled,123.1
3.3,63.32,722.8,144.17,0.0362,Not Enrolled,412.36
35.51,64.99,101.99,1.13,0.775,Not Enrolled,3485.84
1.07,112.97,84.4,35.31,0.239,Not Enrolled,478.11
6.82,70.12,483.82,117.05,0.275,Not Enrolled,413.39
4.72,469.93,121.69,12.2,0.547,Not Enrolled,2136.68
4.32,54.31,237.09,126.69,0.24,Not Enrolled,204.43
4.84,33.65,174.53,31.52,0.502,Enrolled,388.22
13.88,120.29,441.53,44.77,0.0771,Enrolled,1135.91
0.541,30.74,233.02,276.94,0.239,Not Enrolled,75.77
10.7,141.96,159.68,4.19,0.693,Not Enrolled,2352.86
3.1,129.1,104.19,20.38,0.223,Not Enrolled,824.61
11.9,236.23,73.74,2.48,0.536,Not Enrolled,2769.99
3.36,27.28,559.72,252.03,0.245,Enrolled,138.63
3.19,181.1,258.98,117.65,0.202,Enrolled,483.14
4.33,32.03,367.55,102.5,0.275,Enrolled,247.57
18.66,227.69,318.29,10.75,0.457,Not Enrolled,2659.21
2.64,97.54,453.5,219.94,0.272,Enrolled,268.4
3.52,131.94,109.01,26.35,0.127,Enrolled,814.71
11.85,193.31,417.93,35.37,0.419,Not Enrolled,1596.7
1.79,26.78,168.55,132.7,0.0388,Not Enrolled,108.17
11.08,58.06,204.94,7.89,0.196,Not Enrolled,1102.19
15.4,47.83,420.47,26.67,0.225,Not Enrolled,738.88
4.73,23.45,254.5,25.22,0.0269,Enrolled,394.07
1.64,45.48,148.06,38.43,0.039,Not Enrolled,364.49
2.62,53.03,974.05,346.3,0.147,Enrolled,231.74
2.02,62.99,419.69,194.86,0.318,Not Enrolled,211.74
3.87,41.9,369.75,247.82,0.0294,Enrolled,146.05
8.29,74.68,368.27,80.36,0.347,Enrolled,539.59
3.34,108.11,93.76,52.43,0.112,Enrolled,414.41
13.45,93.83,545.62,92.39,0.547,Not Enrolled,651.02
2.05,220.87,106.32,27.28,0.259,Not Enrolled,981.19
5.7,50.69,273.03,126.68,0.314,Enrolled,232.02
4.1,114.47,109.27,35.87,0.375,Not Enrolled,547.42
4.31,51.89,419.17,31.79,0.285,Not Enrolled,896.61
3.56,65.69,444.76,36.63,0.0712,Not Enrolled,873.87
5.92,91.91,560.14,86.94,0.299,Not Enrolled,724.5
8.47,37.24,360.26,37.0,0.184,Not Enrolled,556.46
9.09,126.11,412.81,65.64,0.405,Not Enrolled,823.54
2.01,120.68,335.92,84.96,0.225,Not Enrolled,578.92
6.82,39.09,611.46,56.51,0.218,Not Enrolled,633.89
4.27,65.26,400.37,164.11,0.269,Not Enrolled,239.27
9.21,79.31,231.79,17.35,0.0908,Not Enrolled,896.74
5.75,53.82,227.47,38.36,0.372,Not Enrolled,474.71
3.67,45.04,731.45,201.23,0.117,Not Enrolled,251.85
4.63,46.18,349.38,52.34,0.116,Enrolled,663.42
0.656,37.3,66.95,149.39,0.225,Enrolled,92.08
2.3,64.33,259.49,96.91,0.4,Enrolled,361.79
2.01,34.51,111.28,39.42,0.113,Enrolled,274.74
4.85,66.33,93.19,9.11,0.507,Not Enrolled,704.87
15.02,146.35,168.31,7.48,0.344,Not Enrolled,1751.77
1.83,90.94,365.55,157.13,0.201,Not Enrolled,306.58
0.735,173.94,205.78,101.31,0.164,Enrolled,605.88
6.21,32.0,95.43,10.9,0.333,Not Enrolled,466.3
5.12,220.0,441.32,62.93,0.0596,Not Enrolled,1195.53
6.88,41.23,718.47,197.76,0.293,Not Enrolled,250.66
2.92,68.53,115.69,23.9,0.0831,Enrolled,555.4
3.24,45.48,808.84,360.03,0.0572,Not Enrolled,148.74
6.93,70.94,254.17,14.88,0.432,Enrolled,1240.97
9.3,103.73,554.25,98.85,0.353,Enrolled,708.11
2.88,64.99,389.15,243.28,0.141,Not Enrolled,155.7
29.05,125.72,526.97,30.32,0.524,Not Enrolled,1689.66
1.17,34.1,49.2,16.63,0.337,Not Enrolled,312.11
7.54,269.95,1201.77,214.67,0.506,Not Enrolled,1084.95
20.66,42.49,135.55,4.63,0.575,Enrolled,1201.7
9.34,79.67,480.93,80.29,0.375,Not Enrolled,620.53
5.47,104.67,389.5,43.8,0.246,Not Enrolled,864.22
4.68,105.74,76.35,14.2,0.209,Not Enrolled,725.94
11.84,121.12,296.05,13.67,0.594,Not Enrolled,1851.64
5.99,34.49,264.04,50.68,0.36,Not Enrolled,343.78
46.9,89.72,361.12,23.96,0.551,Enrolled,1440.08
3.16,225.76,455.14,46.15,0.261,Not Enrolled,1573.05
1.42,129.6,57.04,16.85,0.192,Not Enrolled,635.61
2.67,110.73,1087.81,431.64,0.273,Not Enrolled,236.58
5.89,93.23,248.45,54.2,0.189,Enrolled,638.2
8.24,72.76,332.1,115.5,0.563,Enrolled,346.48
3.46,126.61,172.7,65.94,0.374,Enrolled,523.07
23.84,47.96,1302.36,195.23,0.363,Not Enrolled,492.32
9.11,92.74,1000.67,88.25,0.594,Enrolled,1412.81
4.34,60.56,70.82,4.52,0.261,Not Enrolled,915.26
3.47,51.87,551.86,174.97,0.395,Not Enrolled,280.47
4.3,145.9,378.44,130.84,0.263,Enrolled,535.66
1.77,43.5,202.22,150.33,0.433,Not Enrolled,137.43
6.9,121.76,439.36,46.92,0.48,Not Enrolled,1079.84
8.35,157.88,635.45,122.67,0.111,Not Enrolled,782.57
4.55,76.62,534.63,121.85,0.218,Enrolled,518.64
24.99,466.7,475.35,17.68,0.411,Not Enrolled,3797.01
1.56,100.33,79.94,24.45,0.194,Enrolled,602.48
6.2,68.19,295.2,23.65,0.28,Enrolled,1103.41
24.05,101.26,1079.73,44.08,0.282,Not Enrolled,2355.32
36.99,273.84,111.49,1.55,0.232,Not Enrolled,4759.42
5.46,172.56,210.85,23.09,0.283,Enrolled,1449.01
10.4,114.52,64.1,3.69,0.397,Not Enrolled,1353.56
3.04,57.52,309.36,83.38,0.477,Enrolled,409.91
4.72,47.11,312.47,54.63,0.146,Enrolled,489.36
7.92,151.84,679.11,176.87,0.286,Not Enrolled,519.7
3.93,124.14,373.78,132.69,0.299,Not Enrolled,415.98
0.768,35.56,132.36,91.94,0.0719,Enrolled,167.27
2.72,57.38,783.56,184.04,0.0526,Enrolled,424.53
12.22,153.94,743.62,69.13,0.727,Not Enrolled,1370.32
5.51,108.77,182.25,12.83,0.579,Not Enrolled,1335.13
3.15,308.21,452.83,59.35,0.134,Not Enrolled,1402.32
2.09,59.87,111.91,82.08,0.334,Enrolled,260.24
9.82,136.01,411.66,53.24,0.188,Not Enrolled,901.56
6.63,126.6,218.09,45.94,0.341,Not Enrolled,716.39
3.88,170.11,107.64,5.19,0.415,Not Enrolled,1956.71
1.49,139.98,291.05,63.56,0.301,Enrolled,842.86
19.07,320.92,466.03,16.58,0.322,Not Enrolled,3145.28
9.0,68.72,424.6,28.91,0.107,Not Enrolled,957.05
1.74,79.26,84.07,106.68,0.224,Enrolled,190.0
47.04,163.01,744.68,53.44,0.481,Not Enrolled,1549.41
6.43,48.72,381.01,60.73,0.29,Not Enrolled,460.64
1.96,32.7,477.96,231.62,0.345,Enrolled,157.11
7.87,35.92,183.98,27.78,0.131,Not Enrolled,403.95
2.1,51.76,52.21,8.53,0.183,Enrolled,612.19
0.754,125.98,102.48,120.53,0.215,Enrolled,251.53
9.71,135.02,411.64,57.7,0.222,Not Enrolled,954.92
2.3,38.84,197.7,102.47,0.179,Not Enrolled,182.76
3.53,64.06,100.22,20.37,0.0891,Not Enrolled,515.33
0.937,156.62,62.67,40.27,0.27,Enrolled,510.34
5.58,43.82,354.96,34.99,0.101,Not Enrolled,646.2
1.93,102.28,118.53,64.91,0.252,Enrolled,373.39
27.39,72.17,433.73,19.08,0.296,Not Enrolled,1353.75
1.11,63.94,320.27,199.56,0.0568,Enrolled,187.42
2.45,86.89,618.62,254.03,0.239,Not Enrolled,266.5
3.6,81.52,288.97,93.97,0.198,Not Enrolled,380.07
2.62,79.73,358.03,113.05,0.382,Not Enrolled,382.6
2.7,93.68,146.04,47.74,0.385,Not Enrolled,467.13
2.62,82.36,328.73,101.18,0.225,Not Enrolled,388.64
7.75,164.31,543.17,111.3,0.482,Not Enrolled,714.56
15.6,90.61,71.29,1.56,0.405,Not Enrolled,2121.41
8.78,64.74,264.22,17.39,0.446,Enrolled,1188.93
2.85,76.8,204.44,38.07,0.105,Not Enrolled,600.47
4.09,29.1,274.81,89.92,0.0349,Not Enrolled,185.73
2.51,107.9,92.12,16.96,0.128,Enrolled,852.59
3.33,67.35,253.28,54.45,0.624,Enrolled,563.05
9.86,94.48,703.43,121.46,0.373,Not Enrolled,623.51
12.44,86.01,600.11,76.21,0.264,Not Enrolled,760.75
1.65,39.54,140.53,136.3,0.0664,Enrolled,140.44
1.72,25.75,27.89,33.76,0.218,Enrolled,156.32
4.83,52.71,302.99,183.61,0.207,Enrolled,202.65
11.05,103.23,108.1,17.41,0.169,Not Enrolled,731.36
13.53,102.29,254.39,12.0,0.259,Not Enrolled,1566.33
1.09,53.66,147.99,162.06,0.205,Enrolled,140.76
0.691,55.9,64.68,63.92,0.274,Not Enrolled,209.21
2.88,99.45,72.78,10.42,0.613,Not Enrolled,880.12
11.06,42.06,1020.07,170.51,0.269,Enrolled,443.6
0.728,70.88,171.52,126.48,0.101,Not Enrolled,218.33
10.33,49.79,746.73,122.81,0.17,Not Enrolled,445.42
9.58,65.41,189.31,18.4,0.461,Enrolled,873.75
3.67,47.17,205.7,68.53,0.771,Enrolled,357.18
2.09,28.57,149.0,91.23,0.107,Not Enrolled,128.77
24.13,434.13,441.04,6.89,0.161,Not Enrolled,6068.76
12.74,105.81,418.53,28.4,0.26,Enrolled,1451.01
8.56,245.22,193.04,53.89,0.272,Enrolled,863.37
5.85,70.09,778.27,112.02,0.16,Not Enrolled,638.1
6.71,24.56,1128.88,302.43,0.128,Not Enrolled,159.04
9.89,54.62,569.62,117.15,0.338,Enrolled,438.05
1.25,55.04,274.15,175.06,0.0236,Enrolled,177.8
3.97,135.09,257.7,25.26,0.194,Enrolled,1351.7
0.487,64.66,123.9,195.43,0.00541,Enrolled,123.55
5.25,104.05,1008.97,231.22,0.0562,Enrolled,516.59
0.631,33.2,131.96,203.01,0.0958,Not Enrolled,81.57
2.32,107.03,87.66,88.97,0.401,Enrolled,288.78
4.02,133.72,171.14,25.38,0.289,Not Enrolled,917.4
21.16,71.54,1025.2,34.3,0.455,Not Enrolled,1711.65
4.18,89.24,163.56,41.4,0.0912,Enrolled,612.48
5.0,65.07,860.13,413.28,0.222,Enrolled,162.72
4.85,51.11,95.38,10.93,0.461,Enrolled,776.95
12.79,38.17,154.55,5.03,0.197,Not Enrolled,918.94
2.96,173.17,218.8,61.11,0.299,Not Enrolled,670.12
3.72,62.01,166.03,23.54,0.164,Enrolled,727.44
9.61,46.46,423.14,72.96,0.442,Not Enrolled,407.68
25.89,67.42,981.66,216.88,0.317,Not Enrolled,384.74
1.49,106.72,210.17,144.82,0.2,Enrolled,295.68
2.53,51.34,318.61,148.29,0.103,Enrolled,226.25
8.34,216.95,161.79,18.82,0.417,Enrolled,1617.45
2.65,51.64,224.8,70.77,0.362,Enrolled,339.02
5.95,52.8,990.58,379.78,0.489,Enrolled,191.61
2.1,48.76,160.73,42.39,0.12,Enrolled,391.46
1.28,30.41,22.93,11.84,0.0546,Enrolled,279.05
39.54,122.94,924.78,70.02,0.324,Not Enrolled,1384.06
8.01,68.84,506.78,76.9,0.396,Not Enrolled,646.46
9.51,104.13,96.22,5.77,0.396,Enrolled,1389.93
5.45,56.69,851.44,223.28,0.643,Enrolled,340.19
1.54,59.5,260.05,117.07,0.245,Enrolled,287.29
2.89,57.94,326.2,122.02,0.225,Enrolled,296.18
1.16,56.92,289.05,212.5,0.126,Enrolled,175.85
3.42,100.47,137.56,34.59,0.448,Enrolled,673.23
7.95,101.66,204.54,34.53,0.0961,Not Enrolled,675.55
1.64,122.81,337.23,200.72,0.378,Enrolled,300.24
3.99,33.85,444.55,72.14,0.41,Not Enrolled,343.1
7.72,72.59,317.98,28.54,0.464,Enrolled,982.11
2.51,41.48,109.11,17.48,0.29,Enrolled,500.21
3.27,45.5,418.98,96.01,0.106,Not Enrolled,341.22
6.49,64.76,341.57,46.68,0.316,Enrolled,725.38
28.89,95.34,273.59,9.12,0.562,Not Enrolled,1771.48
8.29,42.91,842.66,172.63,0.167,Enrolled,351.27
0.831,78.24,288.58,133.77,0.292,Enrolled,318.36
5.21,60.35,84.67,9.96,0.196,Not Enrolled,619.23
15.43,37.18,681.08,85.36,0.144,Not Enrolled,420.05
5.17,53.37,195.23,5.79,0.334,Enrolled,1649.02
5.58,63.02,263.06,71.02,0.533,Not Enrolled,363.49
2.95,97.55,342.74,180.88,0.0593,Enrolled,261.05
1.47,35.72,181.8,128.35,0.0952,Enrolled,151.91
9.96,103.32,549.17,85.16,0.383,Enrolled,935.89
2.69,40.77,265.93,165.57,0.0566,Enrolled,147.62
24.27,29.22,492.56,42.36,0.551,Not Enrolled,528.39
5.04,53.58,436.64,145.62,0.156,Not Enrolled,269.67
